{
    "loss": 0.25570446252822876,
    "accuracy": 0.9137930870056152
}